parent;child;name_parent;name_child;consensus;weight
1;37;ctx_rh_lateralorbitofrontal;Right_Putamen;220;5.000.000
1;37;ctx_rh_lateralorbitofrontal;Right_Putamen;386;12.000.000
1;5;ctx_rh_lateralorbitofrontal;ctx_rh_parstriangularis;210;2.000.000
1;7;ctx_rh_lateralorbitofrontal;ctx_rh_rostralmiddlefrontal;209;2.000.000
1;36;ctx_rh_lateralorbitofrontal;Right_Caudate;210;3.000.000
1;37;ctx_rh_lateralorbitofrontal;Right_Putamen;256;3.000.000
1;1;ctx_rh_lateralorbitofrontal;ctx_rh_lateralorbitofrontal;238;2.000.000
1;37;ctx_rh_lateralorbitofrontal;Right_Putamen;383;9.000.000
1;5;ctx_rh_lateralorbitofrontal;ctx_rh_parstriangularis;230;2.000.000
1;5;ctx_rh_lateralorbitofrontal;ctx_rh_parstriangularis;210;3.000.000
1;37;ctx_rh_lateralorbitofrontal;Right_Putamen;384;8.000.000
1;37;ctx_rh_lateralorbitofrontal;Right_Putamen;210;2.000.000
1;37;ctx_rh_lateralorbitofrontal;Right_Putamen;397;16.000.000
1;5;ctx_rh_lateralorbitofrontal;ctx_rh_parstriangularis;233;2.000.000
1;8;ctx_rh_lateralorbitofrontal;ctx_rh_superiorfrontal;238;3.000.000
1;7;ctx_rh_lateralorbitofrontal;ctx_rh_rostralmiddlefrontal;235;2.000.000
1;5;ctx_rh_lateralorbitofrontal;ctx_rh_parstriangularis;230;3.000.000
1;36;ctx_rh_lateralorbitofrontal;Right_Caudate;268;4.000.000
1;4;ctx_rh_lateralorbitofrontal;ctx_rh_medialorbitofrontal;274;2.000.000
1;37;ctx_rh_lateralorbitofrontal;Right_Putamen;349;7.000.000
1;36;ctx_rh_lateralorbitofrontal;Right_Caudate;224;3.000.000
1;37;ctx_rh_lateralorbitofrontal;Right_Putamen;230;2.000.000
1;5;ctx_rh_lateralorbitofrontal;ctx_rh_parstriangularis;277;3.000.000
1;7;ctx_rh_lateralorbitofrontal;ctx_rh_rostralmiddlefrontal;216;2.000.000
1;5;ctx_rh_lateralorbitofrontal;ctx_rh_parstriangularis;226;2.000.000
1;5;ctx_rh_lateralorbitofrontal;ctx_rh_parstriangularis;219;2.000.000
1;5;ctx_rh_lateralorbitofrontal;ctx_rh_parstriangularis;226;2.000.000
1;37;ctx_rh_lateralorbitofrontal;Right_Putamen;356;4.000.000
1;1;ctx_rh_lateralorbitofrontal;ctx_rh_lateralorbitofrontal;259;3.000.000
1;37;ctx_rh_lateralorbitofrontal;Right_Putamen;398;8.000.000
1;7;ctx_rh_lateralorbitofrontal;ctx_rh_rostralmiddlefrontal;316;5.000.000
1;1;ctx_rh_lateralorbitofrontal;ctx_rh_lateralorbitofrontal;237;2.000.000
1;1;ctx_rh_lateralorbitofrontal;ctx_rh_lateralorbitofrontal;241;2.000.000
1;7;ctx_rh_lateralorbitofrontal;ctx_rh_rostralmiddlefrontal;242;3.500.000
1;1;ctx_rh_lateralorbitofrontal;ctx_rh_lateralorbitofrontal;262;2.000.000
4;36;ctx_rh_medialorbitofrontal;Right_Caudate;216;2.000.000
4;37;ctx_rh_medialorbitofrontal;Right_Putamen;275;6.000.000
4;36;ctx_rh_medialorbitofrontal;Right_Caudate;354;4.000.000
4;7;ctx_rh_medialorbitofrontal;ctx_rh_rostralmiddlefrontal;230;2.000.000
4;7;ctx_rh_medialorbitofrontal;ctx_rh_rostralmiddlefrontal;212;2.000.000
4;36;ctx_rh_medialorbitofrontal;Right_Caudate;211;2.000.000
4;37;ctx_rh_medialorbitofrontal;Right_Putamen;380;11.000.000
4;7;ctx_rh_medialorbitofrontal;ctx_rh_rostralmiddlefrontal;310;3.000.000
4;7;ctx_rh_medialorbitofrontal;ctx_rh_rostralmiddlefrontal;274;3.000.000
4;7;ctx_rh_medialorbitofrontal;ctx_rh_rostralmiddlefrontal;315;4.000.000
4;36;ctx_rh_medialorbitofrontal;Right_Caudate;317;4.000.000
5;37;ctx_rh_parstriangularis;Right_Putamen;289;3.000.000
5;7;ctx_rh_parstriangularis;ctx_rh_rostralmiddlefrontal;335;6.000.000
5;7;ctx_rh_parstriangularis;ctx_rh_rostralmiddlefrontal;216;3.000.000
5;7;ctx_rh_parstriangularis;ctx_rh_rostralmiddlefrontal;242;4.000.000
5;7;ctx_rh_parstriangularis;ctx_rh_rostralmiddlefrontal;317;5.000.000
5;5;ctx_rh_parstriangularis;ctx_rh_parstriangularis;233;3.000.000
5;7;ctx_rh_parstriangularis;ctx_rh_rostralmiddlefrontal;311;6.000.000
5;7;ctx_rh_parstriangularis;ctx_rh_rostralmiddlefrontal;276;4.000.000
5;7;ctx_rh_parstriangularis;ctx_rh_rostralmiddlefrontal;213;3.000.000
6;37;ctx_rh_parsopercularis;Right_Putamen;238;5.000.000
6;37;ctx_rh_parsopercularis;Right_Putamen;401;17.000.000
6;34;ctx_rh_parsopercularis;ctx_rh_insula;309;3.000.000
6;38;ctx_rh_parsopercularis;Right_Pallidum;221;4.000.000
6;36;ctx_rh_parsopercularis;Right_Caudate;323;5.000.000
6;37;ctx_rh_parsopercularis;Right_Putamen;324;6.000.000
6;36;ctx_rh_parsopercularis;Right_Caudate;315;4.000.000
6;8;ctx_rh_parsopercularis;ctx_rh_superiorfrontal;222;4.000.000
6;37;ctx_rh_parsopercularis;Right_Putamen;223;2.000.000
6;6;ctx_rh_parsopercularis;ctx_rh_parsopercularis;311;3.000.000
6;6;ctx_rh_parsopercularis;ctx_rh_parsopercularis;258;2.000.000
6;6;ctx_rh_parsopercularis;ctx_rh_parsopercularis;220;3.000.000
7;8;ctx_rh_rostralmiddlefrontal;ctx_rh_superiorfrontal;267;3.000.000
7;37;ctx_rh_rostralmiddlefrontal;Right_Putamen;218;4.500.000
7;7;ctx_rh_rostralmiddlefrontal;ctx_rh_rostralmiddlefrontal;256;3.000.000
7;37;ctx_rh_rostralmiddlefrontal;Right_Putamen;239;4.000.000
7;7;ctx_rh_rostralmiddlefrontal;ctx_rh_rostralmiddlefrontal;294;4.000.000
7;37;ctx_rh_rostralmiddlefrontal;Right_Putamen;256;6.000.000
7;37;ctx_rh_rostralmiddlefrontal;Right_Putamen;277;4.000.000
7;8;ctx_rh_rostralmiddlefrontal;ctx_rh_superiorfrontal;318;4.000.000
7;37;ctx_rh_rostralmiddlefrontal;Right_Putamen;239;6.000.000
7;7;ctx_rh_rostralmiddlefrontal;ctx_rh_rostralmiddlefrontal;230;3.000.000
7;7;ctx_rh_rostralmiddlefrontal;ctx_rh_rostralmiddlefrontal;295;5.000.000
7;7;ctx_rh_rostralmiddlefrontal;ctx_rh_rostralmiddlefrontal;275;5.000.000
7;7;ctx_rh_rostralmiddlefrontal;ctx_rh_rostralmiddlefrontal;285;6.000.000
7;8;ctx_rh_rostralmiddlefrontal;ctx_rh_superiorfrontal;274;3.000.000
7;7;ctx_rh_rostralmiddlefrontal;ctx_rh_rostralmiddlefrontal;276;5.000.000
7;37;ctx_rh_rostralmiddlefrontal;Right_Putamen;256;4.000.000
7;7;ctx_rh_rostralmiddlefrontal;ctx_rh_rostralmiddlefrontal;241;3.000.000
7;7;ctx_rh_rostralmiddlefrontal;ctx_rh_rostralmiddlefrontal;213;2.000.000
7;7;ctx_rh_rostralmiddlefrontal;ctx_rh_rostralmiddlefrontal;225;5.000.000
7;36;ctx_rh_rostralmiddlefrontal;Right_Caudate;220;3.000.000
7;8;ctx_rh_rostralmiddlefrontal;ctx_rh_superiorfrontal;214;4.000.000
7;37;ctx_rh_rostralmiddlefrontal;Right_Putamen;267;5.000.000
7;9;ctx_rh_rostralmiddlefrontal;ctx_rh_caudalmiddlefrontal;211;2.000.000
7;36;ctx_rh_rostralmiddlefrontal;Right_Caudate;263;4.000.000
7;37;ctx_rh_rostralmiddlefrontal;Right_Putamen;395;17.000.000
7;8;ctx_rh_rostralmiddlefrontal;ctx_rh_superiorfrontal;210;2.000.000
7;36;ctx_rh_rostralmiddlefrontal;Right_Caudate;222;3.000.000
7;37;ctx_rh_rostralmiddlefrontal;Right_Putamen;214;4.000.000
7;9;ctx_rh_rostralmiddlefrontal;ctx_rh_caudalmiddlefrontal;236;4.000.000
7;7;ctx_rh_rostralmiddlefrontal;ctx_rh_rostralmiddlefrontal;258;3.000.000
7;7;ctx_rh_rostralmiddlefrontal;ctx_rh_rostralmiddlefrontal;222;2.000.000
7;8;ctx_rh_rostralmiddlefrontal;ctx_rh_superiorfrontal;245;3.000.000
7;37;ctx_rh_rostralmiddlefrontal;Right_Putamen;314;5.000.000
7;7;ctx_rh_rostralmiddlefrontal;ctx_rh_rostralmiddlefrontal;213;2.000.000
7;36;ctx_rh_rostralmiddlefrontal;Right_Caudate;256;3.000.000
7;7;ctx_rh_rostralmiddlefrontal;ctx_rh_rostralmiddlefrontal;227;2.000.000
7;37;ctx_rh_rostralmiddlefrontal;Right_Putamen;329;6.000.000
7;8;ctx_rh_rostralmiddlefrontal;ctx_rh_superiorfrontal;241;3.000.000
7;36;ctx_rh_rostralmiddlefrontal;Right_Caudate;233;3.000.000
7;37;ctx_rh_rostralmiddlefrontal;Right_Putamen;361;9.000.000
7;36;ctx_rh_rostralmiddlefrontal;Right_Caudate;210;3.000.000
8;8;ctx_rh_superiorfrontal;ctx_rh_superiorfrontal;322;5.000.000
8;8;ctx_rh_superiorfrontal;ctx_rh_superiorfrontal;336;6.000.000
8;8;ctx_rh_superiorfrontal;ctx_rh_superiorfrontal;244;3.000.000
8;9;ctx_rh_superiorfrontal;ctx_rh_caudalmiddlefrontal;250;3.000.000
8;8;ctx_rh_superiorfrontal;ctx_rh_superiorfrontal;303;5.000.000
8;36;ctx_rh_superiorfrontal;Right_Caudate;215;1.000.000
8;8;ctx_rh_superiorfrontal;ctx_rh_superiorfrontal;320;5.000.000
8;8;ctx_rh_superiorfrontal;ctx_rh_superiorfrontal;217;3.000.000
8;8;ctx_rh_superiorfrontal;ctx_rh_superiorfrontal;242;2.000.000
8;8;ctx_rh_superiorfrontal;ctx_rh_superiorfrontal;223;2.000.000
8;8;ctx_rh_superiorfrontal;ctx_rh_superiorfrontal;227;2.000.000
8;11;ctx_rh_superiorfrontal;ctx_rh_paracentral;254;3.000.000
8;37;ctx_rh_superiorfrontal;Right_Putamen;272;4.000.000
8;9;ctx_rh_superiorfrontal;ctx_rh_caudalmiddlefrontal;219;3.000.000
8;8;ctx_rh_superiorfrontal;ctx_rh_superiorfrontal;247;3.000.000
8;8;ctx_rh_superiorfrontal;ctx_rh_superiorfrontal;235;2.000.000
8;36;ctx_rh_superiorfrontal;Right_Caudate;297;6.000.000
8;8;ctx_rh_superiorfrontal;ctx_rh_superiorfrontal;213;2.000.000
8;37;ctx_rh_superiorfrontal;Right_Putamen;249;3.000.000
8;8;ctx_rh_superiorfrontal;ctx_rh_superiorfrontal;261;3.000.000
8;8;ctx_rh_superiorfrontal;ctx_rh_superiorfrontal;367;6.000.000
8;8;ctx_rh_superiorfrontal;ctx_rh_superiorfrontal;291;4.000.000
8;9;ctx_rh_superiorfrontal;ctx_rh_caudalmiddlefrontal;258;7.000.000
8;37;ctx_rh_superiorfrontal;Right_Putamen;233;3.000.000
8;8;ctx_rh_superiorfrontal;ctx_rh_superiorfrontal;217;3.000.000
8;8;ctx_rh_superiorfrontal;ctx_rh_superiorfrontal;244;4.000.000
8;8;ctx_rh_superiorfrontal;ctx_rh_superiorfrontal;226;3.000.000
8;8;ctx_rh_superiorfrontal;ctx_rh_superiorfrontal;320;5.000.000
8;8;ctx_rh_superiorfrontal;ctx_rh_superiorfrontal;344;5.000.000
8;8;ctx_rh_superiorfrontal;ctx_rh_superiorfrontal;268;4.000.000
8;8;ctx_rh_superiorfrontal;ctx_rh_superiorfrontal;328;4.000.000
8;8;ctx_rh_superiorfrontal;ctx_rh_superiorfrontal;238;2.000.000
8;8;ctx_rh_superiorfrontal;ctx_rh_superiorfrontal;212;2.000.000
8;8;ctx_rh_superiorfrontal;ctx_rh_superiorfrontal;270;3.000.000
8;8;ctx_rh_superiorfrontal;ctx_rh_superiorfrontal;371;7.000.000
8;8;ctx_rh_superiorfrontal;ctx_rh_superiorfrontal;239;2.000.000
8;8;ctx_rh_superiorfrontal;ctx_rh_superiorfrontal;224;2.000.000
8;8;ctx_rh_superiorfrontal;ctx_rh_superiorfrontal;286;4.000.000
8;36;ctx_rh_superiorfrontal;Right_Caudate;226;2.000.000
8;8;ctx_rh_superiorfrontal;ctx_rh_superiorfrontal;332;5.000.000
8;8;ctx_rh_superiorfrontal;ctx_rh_superiorfrontal;210;2.000.000
8;8;ctx_rh_superiorfrontal;ctx_rh_superiorfrontal;272;3.000.000
8;36;ctx_rh_superiorfrontal;Right_Caudate;253;4.000.000
8;8;ctx_rh_superiorfrontal;ctx_rh_superiorfrontal;238;2.000.000
8;8;ctx_rh_superiorfrontal;ctx_rh_superiorfrontal;218;2.000.000
8;8;ctx_rh_superiorfrontal;ctx_rh_superiorfrontal;270;2.000.000
8;8;ctx_rh_superiorfrontal;ctx_rh_superiorfrontal;241;2.000.000
8;8;ctx_rh_superiorfrontal;ctx_rh_superiorfrontal;218;2.000.000
8;8;ctx_rh_superiorfrontal;ctx_rh_superiorfrontal;328;4.500.000
8;8;ctx_rh_superiorfrontal;ctx_rh_superiorfrontal;243;3.000.000
8;8;ctx_rh_superiorfrontal;ctx_rh_superiorfrontal;245;3.000.000
8;37;ctx_rh_superiorfrontal;Right_Putamen;255;3.000.000
8;8;ctx_rh_superiorfrontal;ctx_rh_superiorfrontal;214;2.000.000
8;8;ctx_rh_superiorfrontal;ctx_rh_superiorfrontal;288;5.000.000
8;8;ctx_rh_superiorfrontal;ctx_rh_superiorfrontal;352;6.000.000
8;9;ctx_rh_superiorfrontal;ctx_rh_caudalmiddlefrontal;359;10.000.000
8;37;ctx_rh_superiorfrontal;Right_Putamen;264;3.000.000
8;10;ctx_rh_superiorfrontal;ctx_rh_precentral;211;2.000.000
8;36;ctx_rh_superiorfrontal;Right_Caudate;291;4.000.000
8;9;ctx_rh_superiorfrontal;ctx_rh_caudalmiddlefrontal;243;3.000.000
9;37;ctx_rh_caudalmiddlefrontal;Right_Putamen;411;25.000.000
9;10;ctx_rh_caudalmiddlefrontal;ctx_rh_precentral;294;5.000.000
9;9;ctx_rh_caudalmiddlefrontal;ctx_rh_caudalmiddlefrontal;327;8.000.000
9;34;ctx_rh_caudalmiddlefrontal;ctx_rh_insula;328;6.000.000
9;13;ctx_rh_caudalmiddlefrontal;ctx_rh_caudalanteriorcingulate;217;3.000.000
9;38;ctx_rh_caudalmiddlefrontal;Right_Pallidum;264;3.000.000
9;36;ctx_rh_caudalmiddlefrontal;Right_Caudate;406;9.500.000
9;10;ctx_rh_caudalmiddlefrontal;ctx_rh_precentral;248;3.000.000
9;34;ctx_rh_caudalmiddlefrontal;ctx_rh_insula;219;4.000.000
9;37;ctx_rh_caudalmiddlefrontal;Right_Putamen;327;6.000.000
9;36;ctx_rh_caudalmiddlefrontal;Right_Caudate;238;3.000.000
9;9;ctx_rh_caudalmiddlefrontal;ctx_rh_caudalmiddlefrontal;343;5.000.000
9;9;ctx_rh_caudalmiddlefrontal;ctx_rh_caudalmiddlefrontal;314;7.000.000
9;37;ctx_rh_caudalmiddlefrontal;Right_Putamen;261;5.000.000
9;9;ctx_rh_caudalmiddlefrontal;ctx_rh_caudalmiddlefrontal;213;3.000.000
9;36;ctx_rh_caudalmiddlefrontal;Right_Caudate;230;3.000.000
9;9;ctx_rh_caudalmiddlefrontal;ctx_rh_caudalmiddlefrontal;273;4.000.000
9;37;ctx_rh_caudalmiddlefrontal;Right_Putamen;250;6.000.000
9;37;ctx_rh_caudalmiddlefrontal;Right_Putamen;372;10.000.000
9;9;ctx_rh_caudalmiddlefrontal;ctx_rh_caudalmiddlefrontal;357;6.000.000
9;34;ctx_rh_caudalmiddlefrontal;ctx_rh_insula;213;4.000.000
9;36;ctx_rh_caudalmiddlefrontal;Right_Caudate;307;4.000.000
9;37;ctx_rh_caudalmiddlefrontal;Right_Putamen;335;7.000.000
9;10;ctx_rh_caudalmiddlefrontal;ctx_rh_precentral;226;4.000.000
9;36;ctx_rh_caudalmiddlefrontal;Right_Caudate;317;5.000.000
9;9;ctx_rh_caudalmiddlefrontal;ctx_rh_caudalmiddlefrontal;271;8.000.000
9;37;ctx_rh_caudalmiddlefrontal;Right_Putamen;293;6.000.000
9;9;ctx_rh_caudalmiddlefrontal;ctx_rh_caudalmiddlefrontal;215;3.000.000
9;36;ctx_rh_caudalmiddlefrontal;Right_Caudate;247;3.000.000
10;37;ctx_rh_precentral;Right_Putamen;301;7.000.000
10;37;ctx_rh_precentral;Right_Putamen;395;21.000.000
10;34;ctx_rh_precentral;ctx_rh_insula;311;3.000.000
10;10;ctx_rh_precentral;ctx_rh_precentral;340;6.000.000
10;34;ctx_rh_precentral;ctx_rh_insula;299;3.000.000
10;10;ctx_rh_precentral;ctx_rh_precentral;263;3.000.000
10;37;ctx_rh_precentral;Right_Putamen;376;12.000.000
10;10;ctx_rh_precentral;ctx_rh_precentral;258;8.000.000
10;38;ctx_rh_precentral;Right_Pallidum;270;4.000.000
10;36;ctx_rh_precentral;Right_Caudate;285;4.000.000
10;16;ctx_rh_precentral;ctx_rh_postcentral;256;3.000.000
10;34;ctx_rh_precentral;ctx_rh_insula;211;2.000.000
10;37;ctx_rh_precentral;Right_Putamen;339;15.000.000
10;34;ctx_rh_precentral;ctx_rh_insula;247;4.000.000
10;37;ctx_rh_precentral;Right_Putamen;388;29.000.000
10;35;ctx_rh_precentral;Right_Thalamus_Proper;278;5.000.000
10;10;ctx_rh_precentral;ctx_rh_precentral;329;5.000.000
10;38;ctx_rh_precentral;Right_Pallidum;222;5.000.000
10;36;ctx_rh_precentral;Right_Caudate;292;3.000.000
10;17;ctx_rh_precentral;ctx_rh_supramarginal;248;9.000.000
10;10;ctx_rh_precentral;ctx_rh_precentral;227;3.000.000
10;11;ctx_rh_precentral;ctx_rh_paracentral;229;2.000.000
10;11;ctx_rh_precentral;ctx_rh_paracentral;250;2.000.000
10;10;ctx_rh_precentral;ctx_rh_precentral;228;3.000.000
10;37;ctx_rh_precentral;Right_Putamen;364;14.000.000
10;37;ctx_rh_precentral;Right_Putamen;413;42.000.000
10;11;ctx_rh_precentral;ctx_rh_paracentral;257;3.000.000
10;35;ctx_rh_precentral;Right_Thalamus_Proper;254;4.000.000
10;11;ctx_rh_precentral;ctx_rh_paracentral;216;5.000.000
10;10;ctx_rh_precentral;ctx_rh_precentral;295;5.000.000
10;11;ctx_rh_precentral;ctx_rh_paracentral;239;6.000.000
10;18;ctx_rh_precentral;ctx_rh_superiorparietal;261;6.000.000
10;38;ctx_rh_precentral;Right_Pallidum;320;8.000.000
10;18;ctx_rh_precentral;ctx_rh_superiorparietal;267;5.000.000
10;36;ctx_rh_precentral;Right_Caudate;381;8.000.000
10;14;ctx_rh_precentral;ctx_rh_posteriorcingulate;219;2.000.000
10;37;ctx_rh_precentral;Right_Putamen;288;5.000.000
10;11;ctx_rh_precentral;ctx_rh_paracentral;344;5.000.000
10;11;ctx_rh_precentral;ctx_rh_paracentral;266;3.000.000
10;11;ctx_rh_precentral;ctx_rh_paracentral;221;2.000.000
10;37;ctx_rh_precentral;Right_Putamen;348;9.000.000
10;37;ctx_rh_precentral;Right_Putamen;210;2.000.000
10;10;ctx_rh_precentral;ctx_rh_precentral;213;2.000.000
10;10;ctx_rh_precentral;ctx_rh_precentral;255;3.000.000
10;11;ctx_rh_precentral;ctx_rh_paracentral;342;4.000.000
10;11;ctx_rh_precentral;ctx_rh_paracentral;322;6.000.000
10;10;ctx_rh_precentral;ctx_rh_precentral;263;3.000.000
10;37;ctx_rh_precentral;Right_Putamen;275;4.000.000
10;36;ctx_rh_precentral;Right_Caudate;248;3.000.000
10;10;ctx_rh_precentral;ctx_rh_precentral;334;9.000.000
10;11;ctx_rh_precentral;ctx_rh_paracentral;236;3.000.000
10;37;ctx_rh_precentral;Right_Putamen;368;6.000.000
10;10;ctx_rh_precentral;ctx_rh_precentral;219;2.000.000
10;10;ctx_rh_precentral;ctx_rh_precentral;235;3.000.000
10;36;ctx_rh_precentral;Right_Caudate;251;3.000.000
10;10;ctx_rh_precentral;ctx_rh_precentral;240;2.000.000
10;10;ctx_rh_precentral;ctx_rh_precentral;258;4.000.000
10;10;ctx_rh_precentral;ctx_rh_precentral;210;2.000.000
10;37;ctx_rh_precentral;Right_Putamen;325;7.000.000
10;10;ctx_rh_precentral;ctx_rh_precentral;379;11.000.000
10;11;ctx_rh_precentral;ctx_rh_paracentral;260;4.000.000
11;18;ctx_rh_paracentral;ctx_rh_superiorparietal;220;2.000.000
11;16;ctx_rh_paracentral;ctx_rh_postcentral;238;2.000.000
11;18;ctx_rh_paracentral;ctx_rh_superiorparietal;330;4.000.000
11;16;ctx_rh_paracentral;ctx_rh_postcentral;270;3.000.000
11;17;ctx_rh_paracentral;ctx_rh_supramarginal;221;3.000.000
12;37;ctx_rh_rostralanteriorcingulate;Right_Putamen;303;5.000.000
12;36;ctx_rh_rostralanteriorcingulate;Right_Caudate;414;16.000.000
12;39;ctx_rh_rostralanteriorcingulate;Right_Accumbens_area;209;3.000.000
12;37;ctx_rh_rostralanteriorcingulate;Right_Putamen;280;4.000.000
12;36;ctx_rh_rostralanteriorcingulate;Right_Caudate;410;12.000.000
12;77;ctx_rh_rostralanteriorcingulate;Left_Caudate;229;3.000.000
12;36;ctx_rh_rostralanteriorcingulate;Right_Caudate;356;6.000.000
12;37;ctx_rh_rostralanteriorcingulate;Right_Putamen;372;11.000.000
12;37;ctx_rh_rostralanteriorcingulate;Right_Putamen;322;6.000.000
12;36;ctx_rh_rostralanteriorcingulate;Right_Caudate;308;4.000.000
13;36;ctx_rh_caudalanteriorcingulate;Right_Caudate;400;6.000.000
13;36;ctx_rh_caudalanteriorcingulate;Right_Caudate;344;4.000.000
13;36;ctx_rh_caudalanteriorcingulate;Right_Caudate;414;13.000.000
13;77;ctx_rh_caudalanteriorcingulate;Left_Caudate;264;2.000.000
13;36;ctx_rh_caudalanteriorcingulate;Right_Caudate;413;9.000.000
13;36;ctx_rh_caudalanteriorcingulate;Right_Caudate;346;5.000.000
13;36;ctx_rh_caudalanteriorcingulate;Right_Caudate;273;4.000.000
14;36;ctx_rh_posteriorcingulate;Right_Caudate;363;4.000.000
14;37;ctx_rh_posteriorcingulate;Right_Putamen;232;4.000.000
14;36;ctx_rh_posteriorcingulate;Right_Caudate;281;2.000.000
14;36;ctx_rh_posteriorcingulate;Right_Caudate;400;7.000.000
14;37;ctx_rh_posteriorcingulate;Right_Putamen;325;5.000.000
14;38;ctx_rh_posteriorcingulate;Right_Pallidum;227;2.000.000
14;36;ctx_rh_posteriorcingulate;Right_Caudate;343;4.000.000
14;37;ctx_rh_posteriorcingulate;Right_Putamen;287;4.000.000
14;35;ctx_rh_posteriorcingulate;Right_Thalamus_Proper;256;4.000.000
14;36;ctx_rh_posteriorcingulate;Right_Caudate;306;3.000.000
14;17;ctx_rh_posteriorcingulate;ctx_rh_supramarginal;250;4.000.000
14;36;ctx_rh_posteriorcingulate;Right_Caudate;317;3.000.000
14;36;ctx_rh_posteriorcingulate;Right_Caudate;317;4.000.000
14;37;ctx_rh_posteriorcingulate;Right_Putamen;225;3.000.000
14;36;ctx_rh_posteriorcingulate;Right_Caudate;325;4.000.000
15;36;ctx_rh_isthmuscingulate;Right_Caudate;292;4.000.000
15;40;ctx_rh_isthmuscingulate;Right_Hippocampus;311;4.000.000
15;40;ctx_rh_isthmuscingulate;Right_Hippocampus;355;4.000.000
15;20;ctx_rh_isthmuscingulate;ctx_rh_precuneus;230;2.000.000
15;40;ctx_rh_isthmuscingulate;Right_Hippocampus;264;2.000.000
16;37;ctx_rh_postcentral;Right_Putamen;274;5.000.000
16;37;ctx_rh_postcentral;Right_Putamen;240;3.000.000
16;16;ctx_rh_postcentral;ctx_rh_postcentral;217;2.000.000
16;37;ctx_rh_postcentral;Right_Putamen;275;5.000.000
16;37;ctx_rh_postcentral;Right_Putamen;256;5.000.000
16;37;ctx_rh_postcentral;Right_Putamen;329;12.000.000
17;37;ctx_rh_supramarginal;Right_Putamen;266;6.000.000
17;37;ctx_rh_supramarginal;Right_Putamen;333;5.000.000
17;19;ctx_rh_supramarginal;ctx_rh_inferiorparietal;251;6.000.000
17;35;ctx_rh_supramarginal;Right_Thalamus_Proper;262;3.000.000
17;18;ctx_rh_supramarginal;ctx_rh_superiorparietal;264;5.000.000
17;18;ctx_rh_supramarginal;ctx_rh_superiorparietal;281;5.000.000
17;40;ctx_rh_supramarginal;Right_Hippocampus;350;6.000.000
17;36;ctx_rh_supramarginal;Right_Caudate;214;3.000.000
17;37;ctx_rh_supramarginal;Right_Putamen;319;10.000.000
17;17;ctx_rh_supramarginal;ctx_rh_supramarginal;241;3.000.000
17;17;ctx_rh_supramarginal;ctx_rh_supramarginal;275;3.000.000
17;37;ctx_rh_supramarginal;Right_Putamen;216;2.500.000
17;36;ctx_rh_supramarginal;Right_Caudate;226;4.000.000
17;17;ctx_rh_supramarginal;ctx_rh_supramarginal;220;2.000.000
17;18;ctx_rh_supramarginal;ctx_rh_superiorparietal;241;5.000.000
17;37;ctx_rh_supramarginal;Right_Putamen;264;3.000.000
18;20;ctx_rh_superiorparietal;ctx_rh_precuneus;249;2.000.000
18;20;ctx_rh_superiorparietal;ctx_rh_precuneus;282;3.000.000
18;20;ctx_rh_superiorparietal;ctx_rh_precuneus;289;4.000.000
18;18;ctx_rh_superiorparietal;ctx_rh_superiorparietal;225;2.000.000
18;20;ctx_rh_superiorparietal;ctx_rh_precuneus;270;6.000.000
18;20;ctx_rh_superiorparietal;ctx_rh_precuneus;254;4.500.000
18;18;ctx_rh_superiorparietal;ctx_rh_superiorparietal;209;2.000.000
18;18;ctx_rh_superiorparietal;ctx_rh_superiorparietal;266;2.000.000
18;37;ctx_rh_superiorparietal;Right_Putamen;348;11.500.000
18;20;ctx_rh_superiorparietal;ctx_rh_precuneus;223;5.000.000
18;34;ctx_rh_superiorparietal;ctx_rh_insula;232;4.000.000
18;20;ctx_rh_superiorparietal;ctx_rh_precuneus;239;2.000.000
18;20;ctx_rh_superiorparietal;ctx_rh_precuneus;228;2.000.000
18;20;ctx_rh_superiorparietal;ctx_rh_precuneus;224;2.000.000
18;20;ctx_rh_superiorparietal;ctx_rh_precuneus;225;2.000.000
18;20;ctx_rh_superiorparietal;ctx_rh_precuneus;211;2.000.000
18;20;ctx_rh_superiorparietal;ctx_rh_precuneus;297;4.000.000
18;20;ctx_rh_superiorparietal;ctx_rh_precuneus;266;4.500.000
18;20;ctx_rh_superiorparietal;ctx_rh_precuneus;243;4.000.000
18;20;ctx_rh_superiorparietal;ctx_rh_precuneus;218;3.000.000
18;20;ctx_rh_superiorparietal;ctx_rh_precuneus;226;4.000.000
18;20;ctx_rh_superiorparietal;ctx_rh_precuneus;248;4.000.000
18;22;ctx_rh_superiorparietal;ctx_rh_pericalcarine;260;3.000.000
18;18;ctx_rh_superiorparietal;ctx_rh_superiorparietal;210;2.000.000
18;20;ctx_rh_superiorparietal;ctx_rh_precuneus;238;2.000.000
18;20;ctx_rh_superiorparietal;ctx_rh_precuneus;265;4.000.000
19;31;ctx_rh_inferiorparietal;ctx_rh_bankssts;215;2.000.000
19;40;ctx_rh_inferiorparietal;Right_Hippocampus;335;6.000.000
19;34;ctx_rh_inferiorparietal;ctx_rh_insula;270;4.000.000
19;25;ctx_rh_inferiorparietal;ctx_rh_fusiform;220;3.000.000
19;40;ctx_rh_inferiorparietal;Right_Hippocampus;369;10.000.000
19;34;ctx_rh_inferiorparietal;ctx_rh_insula;325;16.000.000
19;19;ctx_rh_inferiorparietal;ctx_rh_inferiorparietal;278;2.000.000
19;40;ctx_rh_inferiorparietal;Right_Hippocampus;221;4.000.000
19;23;ctx_rh_inferiorparietal;ctx_rh_lateraloccipital;232;2.000.000
19;19;ctx_rh_inferiorparietal;ctx_rh_inferiorparietal;218;3.000.000
19;24;ctx_rh_inferiorparietal;ctx_rh_lingual;221;3.000.000
19;23;ctx_rh_inferiorparietal;ctx_rh_lateraloccipital;284;3.000.000
19;40;ctx_rh_inferiorparietal;Right_Hippocampus;231;2.000.000
19;19;ctx_rh_inferiorparietal;ctx_rh_inferiorparietal;229;2.000.000
20;23;ctx_rh_precuneus;ctx_rh_lateraloccipital;214;3.000.000
20;20;ctx_rh_precuneus;ctx_rh_precuneus;266;3.000.000
20;40;ctx_rh_precuneus;Right_Hippocampus;277;3.000.000
20;20;ctx_rh_precuneus;ctx_rh_precuneus;259;2.000.000
20;40;ctx_rh_precuneus;Right_Hippocampus;303;3.000.000
22;23;ctx_rh_pericalcarine;ctx_rh_lateraloccipital;225;3.000.000
22;23;ctx_rh_pericalcarine;ctx_rh_lateraloccipital;285;4.000.000
22;23;ctx_rh_pericalcarine;ctx_rh_lateraloccipital;236;3.000.000
22;23;ctx_rh_pericalcarine;ctx_rh_lateraloccipital;221;2.000.000
22;23;ctx_rh_pericalcarine;ctx_rh_lateraloccipital;259;2.000.000
22;23;ctx_rh_pericalcarine;ctx_rh_lateraloccipital;238;2.000.000
23;23;ctx_rh_lateraloccipital;ctx_rh_lateraloccipital;213;2.000.000
23;25;ctx_rh_lateraloccipital;ctx_rh_fusiform;219;2.000.000
23;25;ctx_rh_lateraloccipital;ctx_rh_fusiform;228;2.000.000
23;25;ctx_rh_lateraloccipital;ctx_rh_fusiform;214;2.000.000
23;25;ctx_rh_lateraloccipital;ctx_rh_fusiform;209;3.000.000
23;25;ctx_rh_lateraloccipital;ctx_rh_fusiform;269;3.000.000
23;25;ctx_rh_lateraloccipital;ctx_rh_fusiform;260;3.000.000
23;25;ctx_rh_lateraloccipital;ctx_rh_fusiform;236;3.000.000
23;24;ctx_rh_lateraloccipital;ctx_rh_lingual;285;4.000.000
23;23;ctx_rh_lateraloccipital;ctx_rh_lateraloccipital;247;2.000.000
23;25;ctx_rh_lateraloccipital;ctx_rh_fusiform;325;3.000.000
23;25;ctx_rh_lateraloccipital;ctx_rh_fusiform;217;2.000.000
23;23;ctx_rh_lateraloccipital;ctx_rh_lateraloccipital;221;2.000.000
23;23;ctx_rh_lateraloccipital;ctx_rh_lateraloccipital;211;2.000.000
23;23;ctx_rh_lateraloccipital;ctx_rh_lateraloccipital;254;3.000.000
23;23;ctx_rh_lateraloccipital;ctx_rh_lateraloccipital;214;2.000.000
25;34;ctx_rh_fusiform;ctx_rh_insula;217;2.000.000
25;40;ctx_rh_fusiform;Right_Hippocampus;209;2.000.000
26;40;ctx_rh_parahippocampal;Right_Hippocampus;213;2.000.000
26;40;ctx_rh_parahippocampal;Right_Hippocampus;247;2.000.000
27;40;ctx_rh_entorhinal;Right_Hippocampus;274;3.000.000
29;30;ctx_rh_inferiortemporal;ctx_rh_middletemporal;223;3.000.000
29;31;ctx_rh_inferiortemporal;ctx_rh_bankssts;228;3.000.000
29;31;ctx_rh_inferiortemporal;ctx_rh_bankssts;224;2.000.000
29;30;ctx_rh_inferiortemporal;ctx_rh_middletemporal;244;2.000.000
29;41;ctx_rh_inferiortemporal;Right_Amygdala;336;4.000.000
29;34;ctx_rh_inferiortemporal;ctx_rh_insula;278;4.000.000
29;30;ctx_rh_inferiortemporal;ctx_rh_middletemporal;211;2.000.000
29;30;ctx_rh_inferiortemporal;ctx_rh_middletemporal;211;2.000.000
29;31;ctx_rh_inferiortemporal;ctx_rh_bankssts;212;2.000.000
29;30;ctx_rh_inferiortemporal;ctx_rh_middletemporal;246;3.000.000
29;30;ctx_rh_inferiortemporal;ctx_rh_middletemporal;226;3.000.000
29;30;ctx_rh_inferiortemporal;ctx_rh_middletemporal;248;3.000.000
30;40;ctx_rh_middletemporal;Right_Hippocampus;247;5.000.000
30;30;ctx_rh_middletemporal;ctx_rh_middletemporal;212;3.000.000
30;40;ctx_rh_middletemporal;Right_Hippocampus;243;2.000.000
31;40;ctx_rh_bankssts;Right_Hippocampus;317;5.000.000
31;40;ctx_rh_bankssts;Right_Hippocampus;255;3.000.000
31;34;ctx_rh_bankssts;ctx_rh_insula;271;4.000.000
31;32;ctx_rh_bankssts;ctx_rh_superiortemporal;253;2.000.000
31;32;ctx_rh_bankssts;ctx_rh_superiortemporal;235;2.000.000
31;40;ctx_rh_bankssts;Right_Hippocampus;369;10.000.000
32;34;ctx_rh_superiortemporal;ctx_rh_insula;265;2.000.000
32;40;ctx_rh_superiortemporal;Right_Hippocampus;362;8.000.000
32;34;ctx_rh_superiortemporal;ctx_rh_insula;222;2.000.000
32;40;ctx_rh_superiortemporal;Right_Hippocampus;223;2.000.000
32;40;ctx_rh_superiortemporal;Right_Hippocampus;328;3.000.000
32;40;ctx_rh_superiortemporal;Right_Hippocampus;340;4.000.000
34;37;ctx_rh_insula;Right_Putamen;411;8.000.000
34;36;ctx_rh_insula;Right_Caudate;277;2.000.000
34;37;ctx_rh_insula;Right_Putamen;407;6.000.000
34;35;ctx_rh_insula;Right_Thalamus_Proper;323;4.000.000
34;34;ctx_rh_insula;ctx_rh_insula;217;2.000.000
34;37;ctx_rh_insula;Right_Putamen;377;4.000.000
34;37;ctx_rh_insula;Right_Putamen;397;5.000.000
34;37;ctx_rh_insula;Right_Putamen;368;3.000.000
34;34;ctx_rh_insula;ctx_rh_insula;213;2.000.000
34;40;ctx_rh_insula;Right_Hippocampus;362;5.000.000
34;41;ctx_rh_insula;Right_Amygdala;363;4.000.000
34;41;ctx_rh_insula;Right_Amygdala;357;8.000.000
34;37;ctx_rh_insula;Right_Putamen;393;6.000.000
34;41;ctx_rh_insula;Right_Amygdala;254;4.000.000
34;37;ctx_rh_insula;Right_Putamen;409;12.000.000
34;35;ctx_rh_insula;Right_Thalamus_Proper;368;5.000.000
34;41;ctx_rh_insula;Right_Amygdala;213;2.000.000
34;40;ctx_rh_insula;Right_Hippocampus;386;7.500.000
34;37;ctx_rh_insula;Right_Putamen;325;2.000.000
34;37;ctx_rh_insula;Right_Putamen;222;2.000.000
34;37;ctx_rh_insula;Right_Putamen;326;3.000.000
34;41;ctx_rh_insula;Right_Amygdala;243;3.000.000
34;37;ctx_rh_insula;Right_Putamen;343;4.000.000
34;34;ctx_rh_insula;ctx_rh_insula;286;3.000.000
34;37;ctx_rh_insula;Right_Putamen;406;7.000.000
34;37;ctx_rh_insula;Right_Putamen;370;3.000.000
34;40;ctx_rh_insula;Right_Hippocampus;265;4.000.000
34;41;ctx_rh_insula;Right_Amygdala;381;7.000.000
34;37;ctx_rh_insula;Right_Putamen;326;3.000.000
34;40;ctx_rh_insula;Right_Hippocampus;317;3.000.000
35;36;Right_Thalamus_Proper;Right_Caudate;418;19.000.000
35;39;Right_Thalamus_Proper;Right_Accumbens_area;387;5.000.000
35;77;Right_Thalamus_Proper;Left_Caudate;225;3.000.000
35;76;Right_Thalamus_Proper;Left_Thalamus_Proper;414;25.000.000
35;37;Right_Thalamus_Proper;Right_Putamen;418;17.000.000
35;35;Right_Thalamus_Proper;Right_Thalamus_Proper;418;14.000.000
35;38;Right_Thalamus_Proper;Right_Pallidum;409;7.000.000
35;41;Right_Thalamus_Proper;Right_Amygdala;384;5.000.000
35;83;Right_Thalamus_Proper;Brain_Stem;417;35.000.000
35;40;Right_Thalamus_Proper;Right_Hippocampus;418;53.000.000
36;76;Right_Caudate;Left_Thalamus_Proper;293;6.000.000
36;80;Right_Caudate;Left_Accumbens_area;267;3.000.000
36;37;Right_Caudate;Right_Putamen;418;64.000.000
36;38;Right_Caudate;Right_Pallidum;418;54.000.000
36;41;Right_Caudate;Right_Amygdala;296;5.000.000
36;53;Right_Caudate;ctx_lh_rostralanteriorcingulate;232;2.000.000
36;40;Right_Caudate;Right_Hippocampus;382;17.000.000
36;36;Right_Caudate;Right_Caudate;417;12.000.000
36;39;Right_Caudate;Right_Accumbens_area;290;2.000.000
36;77;Right_Caudate;Left_Caudate;416;156.000.000
36;54;Right_Caudate;ctx_lh_caudalanteriorcingulate;256;3.000.000
36;83;Right_Caudate;Brain_Stem;210;2.000.000
37;38;Right_Putamen;Right_Pallidum;416;8.000.000
37;39;Right_Putamen;Right_Accumbens_area;226;2.000.000
37;41;Right_Putamen;Right_Amygdala;385;4.000.000
37;40;Right_Putamen;Right_Hippocampus;372;4.000.000
37;37;Right_Putamen;Right_Putamen;417;11.000.000
38;38;Right_Pallidum;Right_Pallidum;362;4.000.000
38;39;Right_Pallidum;Right_Accumbens_area;317;2.000.000
38;40;Right_Pallidum;Right_Hippocampus;397;11.000.000
38;41;Right_Pallidum;Right_Amygdala;350;3.000.000
39;83;Right_Accumbens_area;Brain_Stem;299;4.000.000
39;40;Right_Accumbens_area;Right_Hippocampus;321;7.000.000
40;41;Right_Hippocampus;Right_Amygdala;347;3.000.000
40;83;Right_Hippocampus;Brain_Stem;265;2.000.000
40;40;Right_Hippocampus;Right_Hippocampus;417;13.000.000
42;78;ctx_lh_lateralorbitofrontal;Left_Putamen;230;4.000.000
42;48;ctx_lh_lateralorbitofrontal;ctx_lh_rostralmiddlefrontal;273;4.000.000
42;42;ctx_lh_lateralorbitofrontal;ctx_lh_lateralorbitofrontal;269;3.000.000
42;48;ctx_lh_lateralorbitofrontal;ctx_lh_rostralmiddlefrontal;275;4.000.000
42;78;ctx_lh_lateralorbitofrontal;Left_Putamen;396;6.000.000
42;42;ctx_lh_lateralorbitofrontal;ctx_lh_lateralorbitofrontal;283;3.000.000
42;42;ctx_lh_lateralorbitofrontal;ctx_lh_lateralorbitofrontal;332;3.000.000
42;42;ctx_lh_lateralorbitofrontal;ctx_lh_lateralorbitofrontal;221;2.000.000
42;78;ctx_lh_lateralorbitofrontal;Left_Putamen;278;2.000.000
42;45;ctx_lh_lateralorbitofrontal;ctx_lh_medialorbitofrontal;234;2.000.000
42;78;ctx_lh_lateralorbitofrontal;Left_Putamen;375;14.000.000
42;46;ctx_lh_lateralorbitofrontal;ctx_lh_parstriangularis;291;3.000.000
42;77;ctx_lh_lateralorbitofrontal;Left_Caudate;260;4.000.000
42;78;ctx_lh_lateralorbitofrontal;Left_Putamen;395;10.000.000
42;78;ctx_lh_lateralorbitofrontal;Left_Putamen;362;10.000.000
42;80;ctx_lh_lateralorbitofrontal;Left_Accumbens_area;216;2.000.000
42;77;ctx_lh_lateralorbitofrontal;Left_Caudate;287;5.000.000
42;78;ctx_lh_lateralorbitofrontal;Left_Putamen;248;2.000.000
42;78;ctx_lh_lateralorbitofrontal;Left_Putamen;319;3.000.000
42;77;ctx_lh_lateralorbitofrontal;Left_Caudate;265;2.000.000
42;46;ctx_lh_lateralorbitofrontal;ctx_lh_parstriangularis;235;3.000.000
42;42;ctx_lh_lateralorbitofrontal;ctx_lh_lateralorbitofrontal;231;2.000.000
42;48;ctx_lh_lateralorbitofrontal;ctx_lh_rostralmiddlefrontal;228;2.000.000
42;78;ctx_lh_lateralorbitofrontal;Left_Putamen;358;7.000.000
42;46;ctx_lh_lateralorbitofrontal;ctx_lh_parstriangularis;372;6.000.000
42;42;ctx_lh_lateralorbitofrontal;ctx_lh_lateralorbitofrontal;271;2.000.000
42;46;ctx_lh_lateralorbitofrontal;ctx_lh_parstriangularis;212;2.000.000
42;48;ctx_lh_lateralorbitofrontal;ctx_lh_rostralmiddlefrontal;209;2.000.000
42;42;ctx_lh_lateralorbitofrontal;ctx_lh_lateralorbitofrontal;210;2.000.000
42;78;ctx_lh_lateralorbitofrontal;Left_Putamen;279;4.000.000
42;46;ctx_lh_lateralorbitofrontal;ctx_lh_parstriangularis;308;3.000.000
42;48;ctx_lh_lateralorbitofrontal;ctx_lh_rostralmiddlefrontal;260;2.000.000
42;78;ctx_lh_lateralorbitofrontal;Left_Putamen;307;3.000.000
45;48;ctx_lh_medialorbitofrontal;ctx_lh_rostralmiddlefrontal;243;3.000.000
45;48;ctx_lh_medialorbitofrontal;ctx_lh_rostralmiddlefrontal;247;2.000.000
45;78;ctx_lh_medialorbitofrontal;Left_Putamen;365;10.000.000
45;77;ctx_lh_medialorbitofrontal;Left_Caudate;338;4.000.000
45;48;ctx_lh_medialorbitofrontal;ctx_lh_rostralmiddlefrontal;238;2.000.000
45;48;ctx_lh_medialorbitofrontal;ctx_lh_rostralmiddlefrontal;235;2.000.000
45;49;ctx_lh_medialorbitofrontal;ctx_lh_superiorfrontal;285;3.000.000
45;78;ctx_lh_medialorbitofrontal;Left_Putamen;249;3.000.000
45;48;ctx_lh_medialorbitofrontal;ctx_lh_rostralmiddlefrontal;298;3.000.000
45;77;ctx_lh_medialorbitofrontal;Left_Caudate;256;2.000.000
45;78;ctx_lh_medialorbitofrontal;Left_Putamen;308;6.000.000
45;77;ctx_lh_medialorbitofrontal;Left_Caudate;377;6.000.000
46;46;ctx_lh_parstriangularis;ctx_lh_parstriangularis;280;3.000.000
46;48;ctx_lh_parstriangularis;ctx_lh_rostralmiddlefrontal;306;5.000.000
46;48;ctx_lh_parstriangularis;ctx_lh_rostralmiddlefrontal;340;7.000.000
46;78;ctx_lh_parstriangularis;Left_Putamen;211;2.000.000
46;48;ctx_lh_parstriangularis;ctx_lh_rostralmiddlefrontal;319;4.000.000
46;47;ctx_lh_parstriangularis;ctx_lh_parsopercularis;234;2.000.000
46;48;ctx_lh_parstriangularis;ctx_lh_rostralmiddlefrontal;260;3.000.000
46;78;ctx_lh_parstriangularis;Left_Putamen;241;2.000.000
46;47;ctx_lh_parstriangularis;ctx_lh_parsopercularis;224;2.000.000
46;48;ctx_lh_parstriangularis;ctx_lh_rostralmiddlefrontal;226;2.000.000
46;47;ctx_lh_parstriangularis;ctx_lh_parsopercularis;237;3.000.000
46;48;ctx_lh_parstriangularis;ctx_lh_rostralmiddlefrontal;275;4.000.000
46;47;ctx_lh_parstriangularis;ctx_lh_parsopercularis;322;3.500.000
46;48;ctx_lh_parstriangularis;ctx_lh_rostralmiddlefrontal;255;3.000.000
47;47;ctx_lh_parsopercularis;ctx_lh_parsopercularis;321;4.000.000
47;47;ctx_lh_parsopercularis;ctx_lh_parsopercularis;271;3.000.000
47;47;ctx_lh_parsopercularis;ctx_lh_parsopercularis;221;2.000.000
47;51;ctx_lh_parsopercularis;ctx_lh_precentral;229;2.000.000
47;47;ctx_lh_parsopercularis;ctx_lh_parsopercularis;233;2.000.000
47;75;ctx_lh_parsopercularis;ctx_lh_insula;219;2.000.000
47;78;ctx_lh_parsopercularis;Left_Putamen;315;6.000.000
47;78;ctx_lh_parsopercularis;Left_Putamen;349;7.000.000
47;77;ctx_lh_parsopercularis;Left_Caudate;319;4.000.000
48;48;ctx_lh_rostralmiddlefrontal;ctx_lh_rostralmiddlefrontal;267;5.000.000
48;50;ctx_lh_rostralmiddlefrontal;ctx_lh_caudalmiddlefrontal;224;3.000.000
48;78;ctx_lh_rostralmiddlefrontal;Left_Putamen;345;10.000.000
48;77;ctx_lh_rostralmiddlefrontal;Left_Caudate;227;2.000.000
48;78;ctx_lh_rostralmiddlefrontal;Left_Putamen;336;7.000.000
48;77;ctx_lh_rostralmiddlefrontal;Left_Caudate;245;2.000.000
48;49;ctx_lh_rostralmiddlefrontal;ctx_lh_superiorfrontal;215;2.000.000
48;78;ctx_lh_rostralmiddlefrontal;Left_Putamen;333;6.000.000
48;77;ctx_lh_rostralmiddlefrontal;Left_Caudate;240;3.000.000
48;48;ctx_lh_rostralmiddlefrontal;ctx_lh_rostralmiddlefrontal;299;5.000.000
48;48;ctx_lh_rostralmiddlefrontal;ctx_lh_rostralmiddlefrontal;314;5.000.000
48;48;ctx_lh_rostralmiddlefrontal;ctx_lh_rostralmiddlefrontal;281;4.000.000
48;48;ctx_lh_rostralmiddlefrontal;ctx_lh_rostralmiddlefrontal;253;3.000.000
48;78;ctx_lh_rostralmiddlefrontal;Left_Putamen;217;4.000.000
48;75;ctx_lh_rostralmiddlefrontal;ctx_lh_insula;254;2.000.000
48;78;ctx_lh_rostralmiddlefrontal;Left_Putamen;283;5.000.000
48;50;ctx_lh_rostralmiddlefrontal;ctx_lh_caudalmiddlefrontal;236;3.000.000
48;49;ctx_lh_rostralmiddlefrontal;ctx_lh_superiorfrontal;246;6.000.000
48;48;ctx_lh_rostralmiddlefrontal;ctx_lh_rostralmiddlefrontal;246;4.000.000
48;48;ctx_lh_rostralmiddlefrontal;ctx_lh_rostralmiddlefrontal;245;2.000.000
48;77;ctx_lh_rostralmiddlefrontal;Left_Caudate;310;5.000.000
48;49;ctx_lh_rostralmiddlefrontal;ctx_lh_superiorfrontal;228;5.000.000
48;78;ctx_lh_rostralmiddlefrontal;Left_Putamen;212;4.000.000
48;49;ctx_lh_rostralmiddlefrontal;ctx_lh_superiorfrontal;226;2.000.000
48;48;ctx_lh_rostralmiddlefrontal;ctx_lh_rostralmiddlefrontal;209;2.000.000
48;48;ctx_lh_rostralmiddlefrontal;ctx_lh_rostralmiddlefrontal;222;3.000.000
48;48;ctx_lh_rostralmiddlefrontal;ctx_lh_rostralmiddlefrontal;281;4.000.000
48;78;ctx_lh_rostralmiddlefrontal;Left_Putamen;316;7.000.000
48;48;ctx_lh_rostralmiddlefrontal;ctx_lh_rostralmiddlefrontal;325;7.000.000
48;48;ctx_lh_rostralmiddlefrontal;ctx_lh_rostralmiddlefrontal;239;2.000.000
48;48;ctx_lh_rostralmiddlefrontal;ctx_lh_rostralmiddlefrontal;273;4.000.000
48;77;ctx_lh_rostralmiddlefrontal;Left_Caudate;287;4.000.000
48;78;ctx_lh_rostralmiddlefrontal;Left_Putamen;218;4.000.000
48;48;ctx_lh_rostralmiddlefrontal;ctx_lh_rostralmiddlefrontal;288;5.000.000
48;77;ctx_lh_rostralmiddlefrontal;Left_Caudate;227;3.000.000
49;49;ctx_lh_superiorfrontal;ctx_lh_superiorfrontal;209;2.000.000
49;49;ctx_lh_superiorfrontal;ctx_lh_superiorfrontal;292;2.000.000
49;49;ctx_lh_superiorfrontal;ctx_lh_superiorfrontal;309;4.000.000
49;49;ctx_lh_superiorfrontal;ctx_lh_superiorfrontal;310;4.500.000
49;49;ctx_lh_superiorfrontal;ctx_lh_superiorfrontal;221;3.000.000
49;49;ctx_lh_superiorfrontal;ctx_lh_superiorfrontal;326;6.000.000
49;49;ctx_lh_superiorfrontal;ctx_lh_superiorfrontal;305;4.000.000
49;55;ctx_lh_superiorfrontal;ctx_lh_posteriorcingulate;222;4.000.000
49;49;ctx_lh_superiorfrontal;ctx_lh_superiorfrontal;230;3.000.000
49;49;ctx_lh_superiorfrontal;ctx_lh_superiorfrontal;233;3.000.000
49;49;ctx_lh_superiorfrontal;ctx_lh_superiorfrontal;314;3.000.000
49;49;ctx_lh_superiorfrontal;ctx_lh_superiorfrontal;209;2.000.000
49;78;ctx_lh_superiorfrontal;Left_Putamen;219;2.000.000
49;49;ctx_lh_superiorfrontal;ctx_lh_superiorfrontal;313;4.000.000
49;49;ctx_lh_superiorfrontal;ctx_lh_superiorfrontal;298;4.000.000
49;49;ctx_lh_superiorfrontal;ctx_lh_superiorfrontal;214;2.000.000
49;49;ctx_lh_superiorfrontal;ctx_lh_superiorfrontal;225;2.000.000
49;49;ctx_lh_superiorfrontal;ctx_lh_superiorfrontal;267;3.000.000
49;49;ctx_lh_superiorfrontal;ctx_lh_superiorfrontal;232;3.000.000
49;49;ctx_lh_superiorfrontal;ctx_lh_superiorfrontal;239;2.000.000
49;49;ctx_lh_superiorfrontal;ctx_lh_superiorfrontal;213;2.000.000
49;49;ctx_lh_superiorfrontal;ctx_lh_superiorfrontal;270;2.000.000
49;54;ctx_lh_superiorfrontal;ctx_lh_caudalanteriorcingulate;234;2.000.000
49;78;ctx_lh_superiorfrontal;Left_Putamen;258;3.000.000
49;50;ctx_lh_superiorfrontal;ctx_lh_caudalmiddlefrontal;296;7.000.000
49;77;ctx_lh_superiorfrontal;Left_Caudate;316;5.000.000
49;49;ctx_lh_superiorfrontal;ctx_lh_superiorfrontal;352;5.000.000
49;49;ctx_lh_superiorfrontal;ctx_lh_superiorfrontal;262;4.000.000
49;49;ctx_lh_superiorfrontal;ctx_lh_superiorfrontal;334;4.000.000
49;49;ctx_lh_superiorfrontal;ctx_lh_superiorfrontal;283;3.000.000
49;49;ctx_lh_superiorfrontal;ctx_lh_superiorfrontal;224;2.000.000
49;49;ctx_lh_superiorfrontal;ctx_lh_superiorfrontal;285;3.000.000
49;54;ctx_lh_superiorfrontal;ctx_lh_caudalanteriorcingulate;278;3.000.000
49;78;ctx_lh_superiorfrontal;Left_Putamen;305;4.000.000
49;50;ctx_lh_superiorfrontal;ctx_lh_caudalmiddlefrontal;298;6.000.000
49;77;ctx_lh_superiorfrontal;Left_Caudate;365;8.000.000
49;49;ctx_lh_superiorfrontal;ctx_lh_superiorfrontal;235;3.000.000
49;49;ctx_lh_superiorfrontal;ctx_lh_superiorfrontal;248;2.000.000
49;49;ctx_lh_superiorfrontal;ctx_lh_superiorfrontal;319;3.000.000
49;49;ctx_lh_superiorfrontal;ctx_lh_superiorfrontal;310;3.000.000
49;78;ctx_lh_superiorfrontal;Left_Putamen;245;3.000.000
49;49;ctx_lh_superiorfrontal;ctx_lh_superiorfrontal;241;2.000.000
49;49;ctx_lh_superiorfrontal;ctx_lh_superiorfrontal;276;2.000.000
49;49;ctx_lh_superiorfrontal;ctx_lh_superiorfrontal;267;3.000.000
49;49;ctx_lh_superiorfrontal;ctx_lh_superiorfrontal;291;5.000.000
49;49;ctx_lh_superiorfrontal;ctx_lh_superiorfrontal;284;4.000.000
49;49;ctx_lh_superiorfrontal;ctx_lh_superiorfrontal;298;3.000.000
49;49;ctx_lh_superiorfrontal;ctx_lh_superiorfrontal;250;3.000.000
49;49;ctx_lh_superiorfrontal;ctx_lh_superiorfrontal;228;2.000.000
49;78;ctx_lh_superiorfrontal;Left_Putamen;257;4.000.000
49;77;ctx_lh_superiorfrontal;Left_Caudate;312;5.000.000
49;50;ctx_lh_superiorfrontal;ctx_lh_caudalmiddlefrontal;232;6.000.000
49;78;ctx_lh_superiorfrontal;Left_Putamen;275;3.000.000
49;50;ctx_lh_superiorfrontal;ctx_lh_caudalmiddlefrontal;212;7.000.000
49;77;ctx_lh_superiorfrontal;Left_Caudate;293;4.000.000
49;49;ctx_lh_superiorfrontal;ctx_lh_superiorfrontal;257;2.000.000
49;78;ctx_lh_superiorfrontal;Left_Putamen;220;3.000.000
49;49;ctx_lh_superiorfrontal;ctx_lh_superiorfrontal;269;3.000.000
49;49;ctx_lh_superiorfrontal;ctx_lh_superiorfrontal;215;3.000.000
49;49;ctx_lh_superiorfrontal;ctx_lh_superiorfrontal;249;3.000.000
49;49;ctx_lh_superiorfrontal;ctx_lh_superiorfrontal;262;5.000.000
49;49;ctx_lh_superiorfrontal;ctx_lh_superiorfrontal;283;4.000.000
49;49;ctx_lh_superiorfrontal;ctx_lh_superiorfrontal;295;4.000.000
49;49;ctx_lh_superiorfrontal;ctx_lh_superiorfrontal;340;5.000.000
49;49;ctx_lh_superiorfrontal;ctx_lh_superiorfrontal;265;5.000.000
49;49;ctx_lh_superiorfrontal;ctx_lh_superiorfrontal;235;3.000.000
49;49;ctx_lh_superiorfrontal;ctx_lh_superiorfrontal;259;4.000.000
49;49;ctx_lh_superiorfrontal;ctx_lh_superiorfrontal;259;2.000.000
49;49;ctx_lh_superiorfrontal;ctx_lh_superiorfrontal;225;2.000.000
49;49;ctx_lh_superiorfrontal;ctx_lh_superiorfrontal;292;3.000.000
49;49;ctx_lh_superiorfrontal;ctx_lh_superiorfrontal;217;2.000.000
49;49;ctx_lh_superiorfrontal;ctx_lh_superiorfrontal;250;2.000.000
49;49;ctx_lh_superiorfrontal;ctx_lh_superiorfrontal;227;2.000.000
49;49;ctx_lh_superiorfrontal;ctx_lh_superiorfrontal;227;3.000.000
49;49;ctx_lh_superiorfrontal;ctx_lh_superiorfrontal;210;2.000.000
49;49;ctx_lh_superiorfrontal;ctx_lh_superiorfrontal;291;5.000.000
49;49;ctx_lh_superiorfrontal;ctx_lh_superiorfrontal;280;4.000.000
49;49;ctx_lh_superiorfrontal;ctx_lh_superiorfrontal;312;6.000.000
49;49;ctx_lh_superiorfrontal;ctx_lh_superiorfrontal;303;3.000.000
49;49;ctx_lh_superiorfrontal;ctx_lh_superiorfrontal;280;3.000.000
50;78;ctx_lh_caudalmiddlefrontal;Left_Putamen;290;5.000.000
50;50;ctx_lh_caudalmiddlefrontal;ctx_lh_caudalmiddlefrontal;227;3.000.000
50;50;ctx_lh_caudalmiddlefrontal;ctx_lh_caudalmiddlefrontal;323;6.000.000
50;77;ctx_lh_caudalmiddlefrontal;Left_Caudate;230;3.000.000
50;78;ctx_lh_caudalmiddlefrontal;Left_Putamen;339;8.000.000
50;51;ctx_lh_caudalmiddlefrontal;ctx_lh_precentral;211;3.000.000
50;50;ctx_lh_caudalmiddlefrontal;ctx_lh_caudalmiddlefrontal;294;3.000.000
50;77;ctx_lh_caudalmiddlefrontal;Left_Caudate;346;6.000.000
50;78;ctx_lh_caudalmiddlefrontal;Left_Putamen;382;10.000.000
50;50;ctx_lh_caudalmiddlefrontal;ctx_lh_caudalmiddlefrontal;314;6.000.000
50;50;ctx_lh_caudalmiddlefrontal;ctx_lh_caudalmiddlefrontal;327;7.000.000
50;77;ctx_lh_caudalmiddlefrontal;Left_Caudate;347;5.000.000
50;51;ctx_lh_caudalmiddlefrontal;ctx_lh_precentral;318;5.000.000
50;75;ctx_lh_caudalmiddlefrontal;ctx_lh_insula;222;3.000.000
50;50;ctx_lh_caudalmiddlefrontal;ctx_lh_caudalmiddlefrontal;238;3.000.000
50;78;ctx_lh_caudalmiddlefrontal;Left_Putamen;301;6.000.000
50;50;ctx_lh_caudalmiddlefrontal;ctx_lh_caudalmiddlefrontal;330;6.500.000
50;50;ctx_lh_caudalmiddlefrontal;ctx_lh_caudalmiddlefrontal;308;5.000.000
50;77;ctx_lh_caudalmiddlefrontal;Left_Caudate;322;6.000.000
50;79;ctx_lh_caudalmiddlefrontal;Left_Pallidum;244;3.000.000
50;54;ctx_lh_caudalmiddlefrontal;ctx_lh_caudalanteriorcingulate;266;3.500.000
50;54;ctx_lh_caudalmiddlefrontal;ctx_lh_caudalanteriorcingulate;237;3.000.000
50;78;ctx_lh_caudalmiddlefrontal;Left_Putamen;413;27.000.000
50;75;ctx_lh_caudalmiddlefrontal;ctx_lh_insula;230;3.000.000
50;50;ctx_lh_caudalmiddlefrontal;ctx_lh_caudalmiddlefrontal;336;11.000.000
50;77;ctx_lh_caudalmiddlefrontal;Left_Caudate;405;16.000.000
50;78;ctx_lh_caudalmiddlefrontal;Left_Putamen;367;10.000.000
50;51;ctx_lh_caudalmiddlefrontal;ctx_lh_precentral;258;6.000.000
50;51;ctx_lh_caudalmiddlefrontal;ctx_lh_precentral;224;4.000.000
50;77;ctx_lh_caudalmiddlefrontal;Left_Caudate;353;6.000.000
51;57;ctx_lh_precentral;ctx_lh_postcentral;241;2.000.000
51;57;ctx_lh_precentral;ctx_lh_postcentral;256;2.000.000
51;78;ctx_lh_precentral;Left_Putamen;325;6.000.000
51;51;ctx_lh_precentral;ctx_lh_precentral;240;3.000.000
51;76;ctx_lh_precentral;Left_Thalamus_Proper;209;3.000.000
51;77;ctx_lh_precentral;Left_Caudate;291;4.000.000
51;79;ctx_lh_precentral;Left_Pallidum;232;3.000.000
51;59;ctx_lh_precentral;ctx_lh_superiorparietal;209;2.000.000
51;78;ctx_lh_precentral;Left_Putamen;393;20.000.000
51;75;ctx_lh_precentral;ctx_lh_insula;347;6.000.000
51;51;ctx_lh_precentral;ctx_lh_precentral;263;5.000.000
51;75;ctx_lh_precentral;ctx_lh_insula;335;5.000.000
51;76;ctx_lh_precentral;Left_Thalamus_Proper;263;5.000.000
51;77;ctx_lh_precentral;Left_Caudate;298;3.000.000
51;52;ctx_lh_precentral;ctx_lh_paracentral;221;3.000.000
51;52;ctx_lh_precentral;ctx_lh_paracentral;273;3.000.000
51;51;ctx_lh_precentral;ctx_lh_precentral;213;3.000.000
51;51;ctx_lh_precentral;ctx_lh_precentral;211;3.000.000
51;51;ctx_lh_precentral;ctx_lh_precentral;271;3.000.000
51;78;ctx_lh_precentral;Left_Putamen;355;9.000.000
51;77;ctx_lh_precentral;Left_Caudate;212;2.000.000
51;51;ctx_lh_precentral;ctx_lh_precentral;214;2.000.000
51;75;ctx_lh_precentral;ctx_lh_insula;223;2.000.000
51;78;ctx_lh_precentral;Left_Putamen;262;6.000.000
51;52;ctx_lh_precentral;ctx_lh_paracentral;299;4.000.000
51;51;ctx_lh_precentral;ctx_lh_precentral;247;6.000.000
51;59;ctx_lh_precentral;ctx_lh_superiorparietal;220;5.000.000
51;79;ctx_lh_precentral;Left_Pallidum;266;5.000.000
51;78;ctx_lh_precentral;Left_Putamen;393;22.000.000
51;59;ctx_lh_precentral;ctx_lh_superiorparietal;210;7.000.000
51;51;ctx_lh_precentral;ctx_lh_precentral;351;12.000.000
51;52;ctx_lh_precentral;ctx_lh_paracentral;236;5.000.000
51;52;ctx_lh_precentral;ctx_lh_paracentral;211;3.000.000
51;76;ctx_lh_precentral;Left_Thalamus_Proper;308;9.000.000
51;57;ctx_lh_precentral;ctx_lh_postcentral;244;4.000.000
51;77;ctx_lh_precentral;Left_Caudate;365;7.000.000
51;51;ctx_lh_precentral;ctx_lh_precentral;292;4.000.000
51;51;ctx_lh_precentral;ctx_lh_precentral;365;10.000.000
51;52;ctx_lh_precentral;ctx_lh_paracentral;251;6.000.000
51;55;ctx_lh_precentral;ctx_lh_posteriorcingulate;255;3.000.000
51;78;ctx_lh_precentral;Left_Putamen;254;6.000.000
51;52;ctx_lh_precentral;ctx_lh_paracentral;302;3.000.000
51;78;ctx_lh_precentral;Left_Putamen;231;3.000.000
51;76;ctx_lh_precentral;Left_Thalamus_Proper;212;4.000.000
51;78;ctx_lh_precentral;Left_Putamen;247;5.000.000
51;52;ctx_lh_precentral;ctx_lh_paracentral;292;4.000.000
51;51;ctx_lh_precentral;ctx_lh_precentral;224;3.000.000
51;51;ctx_lh_precentral;ctx_lh_precentral;281;4.000.000
51;52;ctx_lh_precentral;ctx_lh_paracentral;345;4.000.000
51;52;ctx_lh_precentral;ctx_lh_paracentral;307;5.000.000
51;52;ctx_lh_precentral;ctx_lh_paracentral;232;2.000.000
51;78;ctx_lh_precentral;Left_Putamen;234;4.000.000
51;79;ctx_lh_precentral;Left_Pallidum;242;4.000.000
51;78;ctx_lh_precentral;Left_Putamen;397;30.000.000
51;51;ctx_lh_precentral;ctx_lh_precentral;335;5.000.000
51;75;ctx_lh_precentral;ctx_lh_insula;263;4.000.000
51;76;ctx_lh_precentral;Left_Thalamus_Proper;263;4.000.000
51;77;ctx_lh_precentral;Left_Caudate;331;6.000.000
51;51;ctx_lh_precentral;ctx_lh_precentral;302;3.000.000
51;75;ctx_lh_precentral;ctx_lh_insula;209;4.000.000
51;79;ctx_lh_precentral;Left_Pallidum;222;3.000.000
51;78;ctx_lh_precentral;Left_Putamen;401;14.000.000
51;57;ctx_lh_precentral;ctx_lh_postcentral;237;3.000.000
51;77;ctx_lh_precentral;Left_Caudate;302;4.000.000
51;57;ctx_lh_precentral;ctx_lh_postcentral;317;4.000.000
51;79;ctx_lh_precentral;Left_Pallidum;239;6.000.000
51;78;ctx_lh_precentral;Left_Putamen;382;20.000.000
51;75;ctx_lh_precentral;ctx_lh_insula;220;4.000.000
51;76;ctx_lh_precentral;Left_Thalamus_Proper;337;12.000.000
51;57;ctx_lh_precentral;ctx_lh_postcentral;210;2.000.000
51;77;ctx_lh_precentral;Left_Caudate;291;3.000.000
51;51;ctx_lh_precentral;ctx_lh_precentral;265;2.000.000
51;58;ctx_lh_precentral;ctx_lh_supramarginal;241;4.000.000
51;78;ctx_lh_precentral;Left_Putamen;295;7.000.000
52;52;ctx_lh_paracentral;ctx_lh_paracentral;234;2.000.000
52;59;ctx_lh_paracentral;ctx_lh_superiorparietal;247;2.000.000
53;78;ctx_lh_rostralanteriorcingulate;Left_Putamen;364;11.500.000
53;77;ctx_lh_rostralanteriorcingulate;Left_Caudate;336;5.000.000
53;77;ctx_lh_rostralanteriorcingulate;Left_Caudate;404;16.000.000
53;54;ctx_lh_rostralanteriorcingulate;ctx_lh_caudalanteriorcingulate;224;2.000.000
53;78;ctx_lh_rostralanteriorcingulate;Left_Putamen;351;6.000.000
53;54;ctx_lh_rostralanteriorcingulate;ctx_lh_caudalanteriorcingulate;243;2.000.000
53;78;ctx_lh_rostralanteriorcingulate;Left_Putamen;293;6.000.000
53;77;ctx_lh_rostralanteriorcingulate;Left_Caudate;323;4.000.000
53;78;ctx_lh_rostralanteriorcingulate;Left_Putamen;382;10.000.000
53;77;ctx_lh_rostralanteriorcingulate;Left_Caudate;411;15.000.000
53;77;ctx_lh_rostralanteriorcingulate;Left_Caudate;405;12.000.000
53;80;ctx_lh_rostralanteriorcingulate;Left_Accumbens_area;216;2.000.000
53;78;ctx_lh_rostralanteriorcingulate;Left_Putamen;231;2.000.000
54;78;ctx_lh_caudalanteriorcingulate;Left_Putamen;254;3.000.000
54;77;ctx_lh_caudalanteriorcingulate;Left_Caudate;367;6.000.000
54;77;ctx_lh_caudalanteriorcingulate;Left_Caudate;404;12.000.000
54;77;ctx_lh_caudalanteriorcingulate;Left_Caudate;376;9.000.000
54;78;ctx_lh_caudalanteriorcingulate;Left_Putamen;282;3.000.000
54;78;ctx_lh_caudalanteriorcingulate;Left_Putamen;303;4.000.000
54;77;ctx_lh_caudalanteriorcingulate;Left_Caudate;411;12.000.000
54;55;ctx_lh_caudalanteriorcingulate;ctx_lh_posteriorcingulate;308;5.000.000
54;77;ctx_lh_caudalanteriorcingulate;Left_Caudate;409;12.000.000
55;76;ctx_lh_posteriorcingulate;Left_Thalamus_Proper;259;4.000.000
55;77;ctx_lh_posteriorcingulate;Left_Caudate;350;6.000.000
55;77;ctx_lh_posteriorcingulate;Left_Caudate;382;5.000.000
55;77;ctx_lh_posteriorcingulate;Left_Caudate;358;5.000.000
55;55;ctx_lh_posteriorcingulate;ctx_lh_posteriorcingulate;214;2.000.000
55;78;ctx_lh_posteriorcingulate;Left_Putamen;316;4.000.000
55;59;ctx_lh_posteriorcingulate;ctx_lh_superiorparietal;226;2.000.000
55;76;ctx_lh_posteriorcingulate;Left_Thalamus_Proper;291;4.000.000
55;77;ctx_lh_posteriorcingulate;Left_Caudate;221;2.000.000
55;77;ctx_lh_posteriorcingulate;Left_Caudate;407;11.000.000
55;77;ctx_lh_posteriorcingulate;Left_Caudate;342;4.000.000
55;76;ctx_lh_posteriorcingulate;Left_Thalamus_Proper;359;6.000.000
55;79;ctx_lh_posteriorcingulate;Left_Pallidum;239;3.000.000
55;78;ctx_lh_posteriorcingulate;Left_Putamen;325;6.000.000
55;77;ctx_lh_posteriorcingulate;Left_Caudate;385;4.000.000
56;76;ctx_lh_isthmuscingulate;Left_Thalamus_Proper;214;3.000.000
56;59;ctx_lh_isthmuscingulate;ctx_lh_superiorparietal;216;3.000.000
56;56;ctx_lh_isthmuscingulate;ctx_lh_isthmuscingulate;219;2.000.000
56;81;ctx_lh_isthmuscingulate;Left_Hippocampus;291;3.000.000
56;76;ctx_lh_isthmuscingulate;Left_Thalamus_Proper;237;3.000.000
56;56;ctx_lh_isthmuscingulate;ctx_lh_isthmuscingulate;221;2.000.000
56;77;ctx_lh_isthmuscingulate;Left_Caudate;275;3.000.000
56;61;ctx_lh_isthmuscingulate;ctx_lh_precuneus;265;3.000.000
56;81;ctx_lh_isthmuscingulate;Left_Hippocampus;313;2.000.000
56;61;ctx_lh_isthmuscingulate;ctx_lh_precuneus;238;2.000.000
56;81;ctx_lh_isthmuscingulate;Left_Hippocampus;387;5.000.000
56;76;ctx_lh_isthmuscingulate;Left_Thalamus_Proper;261;3.000.000
56;61;ctx_lh_isthmuscingulate;ctx_lh_precuneus;250;2.000.000
57;76;ctx_lh_postcentral;Left_Thalamus_Proper;269;6.000.000
57;78;ctx_lh_postcentral;Left_Putamen;337;12.000.000
57;58;ctx_lh_postcentral;ctx_lh_supramarginal;223;4.000.000
57;58;ctx_lh_postcentral;ctx_lh_supramarginal;217;2.000.000
57;58;ctx_lh_postcentral;ctx_lh_supramarginal;224;2.000.000
57;57;ctx_lh_postcentral;ctx_lh_postcentral;217;2.000.000
57;78;ctx_lh_postcentral;Left_Putamen;319;5.000.000
57;76;ctx_lh_postcentral;Left_Thalamus_Proper;219;3.000.000
57;77;ctx_lh_postcentral;Left_Caudate;274;3.000.000
57;58;ctx_lh_postcentral;ctx_lh_supramarginal;211;3.000.000
57;78;ctx_lh_postcentral;Left_Putamen;265;9.000.000
57;75;ctx_lh_postcentral;ctx_lh_insula;240;2.000.000
58;58;ctx_lh_supramarginal;ctx_lh_supramarginal;281;3.000.000
58;59;ctx_lh_supramarginal;ctx_lh_superiorparietal;317;7.000.000
58;78;ctx_lh_supramarginal;Left_Putamen;225;3.000.000
58;75;ctx_lh_supramarginal;ctx_lh_insula;258;4.000.000
58;58;ctx_lh_supramarginal;ctx_lh_supramarginal;240;2.000.000
58;59;ctx_lh_supramarginal;ctx_lh_superiorparietal;259;4.000.000
58;77;ctx_lh_supramarginal;Left_Caudate;235;5.000.000
58;75;ctx_lh_supramarginal;ctx_lh_insula;215;2.000.000
59;78;ctx_lh_superiorparietal;Left_Putamen;217;4.000.000
59;61;ctx_lh_superiorparietal;ctx_lh_precuneus;259;4.000.000
59;63;ctx_lh_superiorparietal;ctx_lh_pericalcarine;261;3.000.000
59;62;ctx_lh_superiorparietal;ctx_lh_cuneus;225;2.000.000
59;61;ctx_lh_superiorparietal;ctx_lh_precuneus;230;2.000.000
59;76;ctx_lh_superiorparietal;Left_Thalamus_Proper;235;5.000.000
59;75;ctx_lh_superiorparietal;ctx_lh_insula;311;9.000.000
59;78;ctx_lh_superiorparietal;Left_Putamen;318;10.000.000
59;61;ctx_lh_superiorparietal;ctx_lh_precuneus;286;4.000.000
59;61;ctx_lh_superiorparietal;ctx_lh_precuneus;213;4.000.000
59;61;ctx_lh_superiorparietal;ctx_lh_precuneus;258;3.000.000
59;61;ctx_lh_superiorparietal;ctx_lh_precuneus;239;3.000.000
59;61;ctx_lh_superiorparietal;ctx_lh_precuneus;270;3.000.000
59;60;ctx_lh_superiorparietal;ctx_lh_inferiorparietal;234;3.000.000
59;61;ctx_lh_superiorparietal;ctx_lh_precuneus;227;2.000.000
59;59;ctx_lh_superiorparietal;ctx_lh_superiorparietal;224;3.000.000
59;78;ctx_lh_superiorparietal;Left_Putamen;248;5.000.000
59;59;ctx_lh_superiorparietal;ctx_lh_superiorparietal;224;4.000.000
59;61;ctx_lh_superiorparietal;ctx_lh_precuneus;209;3.000.000
59;75;ctx_lh_superiorparietal;ctx_lh_insula;329;10.000.000
59;73;ctx_lh_superiorparietal;ctx_lh_superiortemporal;232;3.000.000
59;61;ctx_lh_superiorparietal;ctx_lh_precuneus;313;6.000.000
59;61;ctx_lh_superiorparietal;ctx_lh_precuneus;238;3.000.000
59;61;ctx_lh_superiorparietal;ctx_lh_precuneus;228;2.000.000
59;61;ctx_lh_superiorparietal;ctx_lh_precuneus;228;2.000.000
59;61;ctx_lh_superiorparietal;ctx_lh_precuneus;294;4.000.000
59;63;ctx_lh_superiorparietal;ctx_lh_pericalcarine;244;2.000.000
59;61;ctx_lh_superiorparietal;ctx_lh_precuneus;296;4.000.000
60;60;ctx_lh_inferiorparietal;ctx_lh_inferiorparietal;221;3.000.000
60;60;ctx_lh_inferiorparietal;ctx_lh_inferiorparietal;215;2.000.000
60;73;ctx_lh_inferiorparietal;ctx_lh_superiortemporal;270;4.000.000
60;63;ctx_lh_inferiorparietal;ctx_lh_pericalcarine;259;4.000.000
60;60;ctx_lh_inferiorparietal;ctx_lh_inferiorparietal;258;3.000.000
60;61;ctx_lh_inferiorparietal;ctx_lh_precuneus;270;3.000.000
60;64;ctx_lh_inferiorparietal;ctx_lh_lateraloccipital;227;2.000.000
60;60;ctx_lh_inferiorparietal;ctx_lh_inferiorparietal;217;2.000.000
60;60;ctx_lh_inferiorparietal;ctx_lh_inferiorparietal;255;3.000.000
60;60;ctx_lh_inferiorparietal;ctx_lh_inferiorparietal;255;3.000.000
60;60;ctx_lh_inferiorparietal;ctx_lh_inferiorparietal;212;3.000.000
60;60;ctx_lh_inferiorparietal;ctx_lh_inferiorparietal;280;4.000.000
60;81;ctx_lh_inferiorparietal;Left_Hippocampus;334;7.000.000
60;75;ctx_lh_inferiorparietal;ctx_lh_insula;265;7.000.000
60;66;ctx_lh_inferiorparietal;ctx_lh_fusiform;209;3.000.000
60;73;ctx_lh_inferiorparietal;ctx_lh_superiortemporal;231;4.000.000
60;81;ctx_lh_inferiorparietal;Left_Hippocampus;239;5.000.000
61;61;ctx_lh_precuneus;ctx_lh_precuneus;218;2.000.000
61;61;ctx_lh_precuneus;ctx_lh_precuneus;224;2.000.000
61;61;ctx_lh_precuneus;ctx_lh_precuneus;228;2.000.000
61;61;ctx_lh_precuneus;ctx_lh_precuneus;250;2.000.000
61;81;ctx_lh_precuneus;Left_Hippocampus;266;3.000.000
61;81;ctx_lh_precuneus;Left_Hippocampus;222;2.000.000
61;64;ctx_lh_precuneus;ctx_lh_lateraloccipital;220;3.000.000
63;64;ctx_lh_pericalcarine;ctx_lh_lateraloccipital;238;3.000.000
63;64;ctx_lh_pericalcarine;ctx_lh_lateraloccipital;220;3.000.000
63;64;ctx_lh_pericalcarine;ctx_lh_lateraloccipital;223;2.000.000
63;64;ctx_lh_pericalcarine;ctx_lh_lateraloccipital;288;4.000.000
63;64;ctx_lh_pericalcarine;ctx_lh_lateraloccipital;346;5.000.000
63;66;ctx_lh_pericalcarine;ctx_lh_fusiform;259;2.000.000
63;64;ctx_lh_pericalcarine;ctx_lh_lateraloccipital;220;2.000.000
63;64;ctx_lh_pericalcarine;ctx_lh_lateraloccipital;254;2.000.000
63;64;ctx_lh_pericalcarine;ctx_lh_lateraloccipital;219;2.000.000
64;66;ctx_lh_lateraloccipital;ctx_lh_fusiform;216;3.000.000
64;66;ctx_lh_lateraloccipital;ctx_lh_fusiform;220;2.000.000
64;66;ctx_lh_lateraloccipital;ctx_lh_fusiform;261;3.000.000
64;64;ctx_lh_lateraloccipital;ctx_lh_lateraloccipital;221;2.000.000
64;64;ctx_lh_lateraloccipital;ctx_lh_lateraloccipital;236;2.000.000
64;65;ctx_lh_lateraloccipital;ctx_lh_lingual;268;3.000.000
64;66;ctx_lh_lateraloccipital;ctx_lh_fusiform;322;3.000.000
64;65;ctx_lh_lateraloccipital;ctx_lh_lingual;230;4.000.000
64;66;ctx_lh_lateraloccipital;ctx_lh_fusiform;243;4.000.000
64;66;ctx_lh_lateraloccipital;ctx_lh_fusiform;241;2.000.000
65;65;ctx_lh_lingual;ctx_lh_lingual;226;2.000.000
66;72;ctx_lh_fusiform;ctx_lh_bankssts;250;3.000.000
66;81;ctx_lh_fusiform;Left_Hippocampus;231;2.000.000
66;70;ctx_lh_fusiform;ctx_lh_inferiortemporal;239;3.000.000
66;66;ctx_lh_fusiform;ctx_lh_fusiform;220;2.000.000
66;81;ctx_lh_fusiform;Left_Hippocampus;209;2.000.000
66;81;ctx_lh_fusiform;Left_Hippocampus;253;2.000.000
67;81;ctx_lh_parahippocampal;Left_Hippocampus;242;3.000.000
67;81;ctx_lh_parahippocampal;Left_Hippocampus;219;2.000.000
68;81;ctx_lh_entorhinal;Left_Hippocampus;245;2.000.000
68;82;ctx_lh_entorhinal;Left_Amygdala;215;2.000.000
69;82;ctx_lh_temporalpole;Left_Amygdala;264;3.000.000
69;82;ctx_lh_temporalpole;Left_Amygdala;268;2.000.000
70;71;ctx_lh_inferiortemporal;ctx_lh_middletemporal;248;3.000.000
70;72;ctx_lh_inferiortemporal;ctx_lh_bankssts;209;2.000.000
70;81;ctx_lh_inferiortemporal;Left_Hippocampus;245;3.000.000
70;82;ctx_lh_inferiortemporal;Left_Amygdala;283;4.000.000
70;75;ctx_lh_inferiortemporal;ctx_lh_insula;212;3.000.000
70;72;ctx_lh_inferiortemporal;ctx_lh_bankssts;245;4.000.000
71;71;ctx_lh_middletemporal;ctx_lh_middletemporal;273;3.000.000
72;81;ctx_lh_bankssts;Left_Hippocampus;356;10.000.000
72;75;ctx_lh_bankssts;ctx_lh_insula;233;5.000.000
72;81;ctx_lh_bankssts;Left_Hippocampus;298;5.000.000
73;81;ctx_lh_superiortemporal;Left_Hippocampus;366;9.000.000
73;75;ctx_lh_superiortemporal;ctx_lh_insula;254;2.000.000
73;73;ctx_lh_superiortemporal;ctx_lh_superiortemporal;213;2.000.000
73;81;ctx_lh_superiortemporal;Left_Hippocampus;274;3.000.000
73;81;ctx_lh_superiortemporal;Left_Hippocampus;384;12.000.000
73;81;ctx_lh_superiortemporal;Left_Hippocampus;270;3.000.000
74;76;ctx_lh_transversetemporal;Left_Thalamus_Proper;238;2.000.000
75;78;ctx_lh_insula;Left_Putamen;354;3.000.000
75;78;ctx_lh_insula;Left_Putamen;350;3.000.000
75;76;ctx_lh_insula;Left_Thalamus_Proper;300;3.000.000
75;81;ctx_lh_insula;Left_Hippocampus;269;3.000.000
75;82;ctx_lh_insula;Left_Amygdala;321;2.000.000
75;81;ctx_lh_insula;Left_Hippocampus;290;3.000.000
75;82;ctx_lh_insula;Left_Amygdala;228;2.000.000
75;78;ctx_lh_insula;Left_Putamen;242;2.000.000
75;78;ctx_lh_insula;Left_Putamen;382;6.000.000
75;82;ctx_lh_insula;Left_Amygdala;221;3.000.000
75;78;ctx_lh_insula;Left_Putamen;337;3.000.000
75;78;ctx_lh_insula;Left_Putamen;284;3.000.000
75;82;ctx_lh_insula;Left_Amygdala;355;5.000.000
75;78;ctx_lh_insula;Left_Putamen;382;4.000.000
75;76;ctx_lh_insula;Left_Thalamus_Proper;316;3.000.000
75;78;ctx_lh_insula;Left_Putamen;388;5.000.000
75;77;ctx_lh_insula;Left_Caudate;221;2.000.000
75;78;ctx_lh_insula;Left_Putamen;376;4.000.000
75;81;ctx_lh_insula;Left_Hippocampus;400;9.000.000
75;76;ctx_lh_insula;Left_Thalamus_Proper;272;2.000.000
75;82;ctx_lh_insula;Left_Amygdala;232;2.000.000
75;78;ctx_lh_insula;Left_Putamen;319;3.000.000
75;78;ctx_lh_insula;Left_Putamen;320;3.000.000
75;78;ctx_lh_insula;Left_Putamen;386;7.000.000
75;82;ctx_lh_insula;Left_Amygdala;351;6.000.000
76;81;Left_Thalamus_Proper;Left_Hippocampus;418;56.000.000
76;80;Left_Thalamus_Proper;Left_Accumbens_area;397;5.000.000
76;76;Left_Thalamus_Proper;Left_Thalamus_Proper;418;18.000.000
76;83;Left_Thalamus_Proper;Brain_Stem;418;49.000.000
76;77;Left_Thalamus_Proper;Left_Caudate;418;25.000.000
76;78;Left_Thalamus_Proper;Left_Putamen;418;21.000.000
76;79;Left_Thalamus_Proper;Left_Pallidum;417;11.000.000
76;82;Left_Thalamus_Proper;Left_Amygdala;395;6.000.000
77;81;Left_Caudate;Left_Hippocampus;343;7.000.000
77;79;Left_Caudate;Left_Pallidum;418;48.000.000
77;78;Left_Caudate;Left_Putamen;418;54.000.000
77;77;Left_Caudate;Left_Caudate;418;12.000.000
77;80;Left_Caudate;Left_Accumbens_area;262;2.000.000
78;81;Left_Putamen;Left_Hippocampus;412;10.000.000
78;79;Left_Putamen;Left_Pallidum;388;4.000.000
78;78;Left_Putamen;Left_Putamen;418;27.000.000
78;82;Left_Putamen;Left_Amygdala;417;10.000.000
78;80;Left_Putamen;Left_Accumbens_area;271;2.000.000
79;81;Left_Pallidum;Left_Hippocampus;324;3.000.000
79;82;Left_Pallidum;Left_Amygdala;242;2.000.000
79;80;Left_Pallidum;Left_Accumbens_area;313;2.000.000
80;81;Left_Accumbens_area;Left_Hippocampus;313;6.000.000
80;83;Left_Accumbens_area;Brain_Stem;289;4.000.000
81;81;Left_Hippocampus;Left_Hippocampus;418;16.000.000
81;82;Left_Hippocampus;Left_Amygdala;367;4.000.000
81;83;Left_Hippocampus;Brain_Stem;258;2.000.000
82;82;Left_Amygdala;Left_Amygdala;260;2.000.000
83;83;Brain_Stem;Brain_Stem;335;2.000.000
